{
  "label": "A5_B5",
  "target": {
    "A": 5.0,
    "B": 5.0
  },
  "best_loss": 0.42433223128318787,
  "best_params": {
    "alpha_A": 14.264434355711558,
    "alpha_B": 13.701123227390049,
    "K_A": 1.0992018824357892,
    "K_B": 1.329679433496052,
    "n_A": 2.9868896022831644,
    "n_B": 1.6116661104161072,
    "dA": 1.8541515489861928,
    "dB": 1.3390017432029162
  },
  "true_steady_A": 7.675528273720438,
  "true_steady_B": 0.030735553543255613,
  "hidden": [
    256,
    256
  ]
}