{
  "label": "A60_B20",
  "target": {
    "A": 60.0,
    "B": 20.0
  },
  "best_loss": 15.419407844543457,
  "best_params": {
    "alpha_A": 62.59480272278944,
    "alpha_B": 11.656379855384113,
    "K_A": 1.4236519411006863,
    "K_B": 2.966620434551224,
    "n_A": 3.500202870479651,
    "n_B": 2.4313028299187085,
    "dA": 1.1377808251389026,
    "dB": 1.0144604347819417
  },
  "true_steady_A": 55.01476548247405,
  "true_steady_B": 3.200578466154731e-05,
  "hidden": [
    256,
    256
  ]
}