{
  "label": "A10_B8",
  "target": {
    "A": 10.0,
    "B": 8.0
  },
  "best_loss": 0.3757249414920807,
  "best_params": {
    "alpha_A": 12.171812568147221,
    "alpha_B": 10.091963708188255,
    "K_A": 1.5263191153474718,
    "K_B": 2.8418332686544727,
    "n_A": 3.9544465348152067,
    "n_B": 3.1118224399737233,
    "dA": 1.5735947188939234,
    "dB": 0.7051183124642642
  },
  "true_steady_A": 7.735031111163624,
  "true_steady_B": 0.023326205781269874,
  "hidden": [
    256,
    256
  ]
}