{
  "label": "A1_B8",
  "target": {
    "A": 1.0,
    "B": 8.0
  },
  "best_loss": 0.21346066892147064,
  "best_params": {
    "alpha_A": 29.63461512760022,
    "alpha_B": 11.729252599436032,
    "K_A": 2.986160810329168,
    "K_B": 0.792245376101316,
    "n_A": 3.452613312661678,
    "n_B": 3.6465295196309526,
    "dA": 1.474780558610256,
    "dB": 1.345897400790586
  },
  "true_steady_A": 0.003202677578940156,
  "true_steady_B": 8.714819266231656,
  "hidden": [
    256,
    256
  ]
}