{
  "loss": 5.081268787384033,
  "params": {
    "alpha_A": 27.026827810927223,
    "alpha_B": 14.045396475376041,
    "K_A": 0.8308415335494771,
    "K_B": 0.5441955593350192,
    "n_A": 2.0492264379614338,
    "n_B": 2.6665691057642635,
    "dA": 1.1053652074106748,
    "dB": 1.4773681912599756
  },
  "hidden": [
    128,
    128
  ]
}