{
  "target": {
    "A": 10.0,
    "B": 8.0
  },
  "final": {
    "A": 8.48978353817102,
    "B": 0.5637377262669727
  },
  "abs_error": {
    "A": 1.5102164618289802,
    "B": 7.4362622737330275
  },
  "gains": {
    "A": [
      0.2,
      0.01,
      0.0
    ],
    "B": [
      0.2,
      0.01,
      0.0
    ]
  },
  "umin": -0.9,
  "umax": 3.0,
  "dt_ctrl": 2.0,
  "T": 200.0
}